,user,model,r2,rmse,y_mean,rmse_to_y_mean
0,registered_users,xgbr,0.8283333333333333,743.7533333333334,2063.103333333333,0.3666666666666667
1,registered_users,rfr,0.7576666666666667,881.07,2063.103333333333,0.4366666666666667
2,registered_users,lassor,0.673,1043.05,2063.103333333333,0.5033333333333333
3,guest_users,xgbr,0.7683333333333334,149.09,268.8433333333333,0.6033333333333334
4,guest_users,rfr,0.6213333333333333,182.2266666666667,268.8433333333333,0.77
5,guest_users,lassor,0.37799999999999995,239.57666666666668,268.8433333333333,0.9833333333333334
